src,ams,atl,blr,ord,dfw,del,fra,hnl,jnb,lhr,lax,mad,man,mel,mex,mia,mxp,bom,ewr,itm,cdg,scl,sao,sea,icn,sjc,sgp,sto,syd,tlv,nrt,yto,waw
ams,0.03340666666666667,96.35366666666667,252.06666666666666,106.0,116.01666666666667,139.05,6.611433333333333,180.50666666666666,166.02,5.927366666666667,133.81666666666666,31.650333333333332,14.465,286.06666666666666,141.00333333333333,107.13333333333334,23.798333333333332,123.86666666666666,80.70133333333334,244.09333333333333,9.697666666666667,198.00333333333333,185.30333333333334,137.03,264.91333333333336,150.00666666666666,159.99333333333334,25.170333333333335,275.00666666666666,55.981,230.69666666666666,96.24466666666666,20.637666666666668
atl,96.37233333333333,0.03987333333333334,255.03666666666666,34.408,16.129333333333335,267.06333333333333,101.99333333333334,98.819,247.0,92.171,48.38333333333333,117.85333333333334,98.32433333333333,202.02666666666667,39.18633333333334,12.951,112.0,240.53666666666666,22.086333333333332,168.28333333333333,96.60566666666666,111.01333333333334,117.02341137123746,76.53333333333333,189.14,63.33154362416107,281.02749140893474,119.01342281879195,191.01,151.20666666666668,147.03,43.395973154362416,118.0
blr,252.03,255.09333333333333,0.044366666666666665,328.9697986577181,293.0366666666667,43.949666666666666,251.04,306.01666666666665,294.97333333333336,249.02333333333334,236.01023890784984,153.04,213.00333333333333,169.09333333333333,293.01,267.1166666666667,144.00666666666666,20.866333333333333,266.00333333333333,132.52,269.80333333333334,320.1,314.6933333333333,209.61666666666667,105.99328859060402,258.7946127946128,40.524080267558524,323.08666666666664,270.51903114186854,229.28666666666666,111.08,271.2366666666667,191.03666666666666
ord,105.99,34.40933333333333,329.3993288590604,0.043916666666666666,21.837,260.0,102.02,89.78233333333333,246.00333333333333,95.86966666666667,54.145,117.00333333333333,92.587,208.0,46.70766666666667,51.004666666666665,116.0,232.99333333333334,18.573666666666668,159.12666666666667,97.24066666666667,129.87333333333333,129.0,42.352999999999994,159.03666666666666,51.093,213.12,121.05,197.0,149.14666666666668,137.98333333333332,10.893,119.01666666666667
dfw,116.01333333333334,16.128,293.0133333333333,21.842666666666666,0.03305333333333333,280.09,121.91,84.425,269.0366666666667,112.38666666666667,32.891999999999996,135.01333333333332,116.0,181.0,28.566333333333333,31.461666666666666,127.00666666666666,258.00333333333333,37.971333333333334,142.04,112.00666666666666,126.52666666666667,146.00333333333333,64.86833333333334,171.05333333333334,47.928666666666665,190.48287671232876,137.02333333333334,167.00333333333333,162.32,131.00666666666666,30.361666666666668,140.0
del,139.03666666666666,267.0366666666667,43.971,260.0,280.04333333333335,0.03964666666666666,152.0,314.35,302.00666666666666,142.00666666666666,273.1084745762712,158.02333333333334,221.5,212.01333333333332,301.00333333333333,278.01,148.00666666666666,28.245,275.0133333333333,159.50340136054422,197.00666666666666,326.8666666666667,292.12333333333333,258.0,150.02333333333334,259.00333333333333,68.71133333333333,208.00333333333333,318.61245674740485,257.24,142.01666666666668,275.04,217.0
fra,6.623333333333333,101.99,251.01,102.10666666666667,121.91333333333333,152.00666666666666,0.033876666666666666,183.0,171.32333333333332,11.545666666666666,138.18729096989966,32.858999999999995,22.094,292.00333333333333,143.00333333333333,114.15,9.935533333333334,131.00666666666666,81.443,236.47,9.937966666666666,198.00333333333333,192.03,146.0,282.02666666666664,145.00333333333333,157.0,17.945,282.99666666666667,53.49933333333333,252.94333333333333,102.00333333333333,18.040666666666667
hnl,180.55,98.85066666666667,306.02,89.768,84.418,314.4533333333333,183.01,0.037553333333333334,338.0466666666667,175.0,54.42,190.00333333333333,180.01,199.0,105.92333333333333,112.00333333333333,192.0,287.05333333333334,106.0,154.11666666666667,175.1,189.0,216.0,66.03833333333333,186.22666666666666,47.461666666666666,222.09666666666666,197.0,192.0,245.24,153.00333333333333,101.01666666666667,197.03333333333333
jnb,166.00666666666666,247.0,294.96,246.00333333333333,269.03,302.00333333333333,171.52,338.11,0.04181,161.0,309.03,181.0,165.0,341.0,289.05333333333334,258.01666666666665,185.03666666666666,281.0233333333333,227.00666666666666,245.05,166.01666666666668,350.0,336.7266666666667,317.00666666666666,258.19,294.01666666666665,175.01333333333332,185.11,330.0,230.04333333333332,241.04666666666665,243.01,187.00333333333333
lhr,5.923666666666667,92.185,249.04,95.85833333333333,112.28333333333333,142.0,11.557333333333332,175.0,161.05,0.03876,130.0,32.42366666666666,7.802533333333333,283.75666666666666,137.00333333333333,104.62,24.888666666666666,128.0,74.80266666666667,239.13,7.397666666666667,187.0,182.01,133.0,266.95666666666665,137.0,159.01,29.444333333333333,272.0,58.15,216.01,92.032,28.772333333333332
lax,133.57,48.384,235.68027210884352,54.132333333333335,32.901666666666664,272.57679180887374,138.14715719063545,54.42,309.0,130.0,0.034293333333333335,165.01003344481606,157.0,150.03,53.28133333333333,62.08963210702341,162.0,262.1694915254237,58.14,105.03333333333333,130.00333333333333,137.09333333333333,166.00333333333333,25.846666666666668,139.01666666666668,7.903733333333333,165.23569023569024,157.0,138.23,191.18,99.137,64.87666666666667,166.00333333333333
mad,31.650333333333332,117.66333333333333,152.99333333333334,117.0,135.02,158.00666666666666,32.840333333333334,190.01333333333332,181.0,32.396,165.00333333333333,0.06075,38.162333333333336,287.00333333333333,159.0,129.02,21.311666666666667,130.32,91.32766666666667,225.87,22.958666666666666,217.19666666666666,205.11,153.54666666666665,270.01666666666665,144.16333333333333,173.48333333333332,55.198,275.1166666666667,55.24,260.9927536231884,106.02333333333333,49.919666666666664
man,14.431666666666667,98.32966666666667,213.0,92.57966666666667,116.0,221.63666666666666,22.069666666666667,180.0,165.0,7.7762,157.0,38.156666666666666,0.025366666666666666,274.0,137.00666666666666,114.76333333333334,30.286,194.00333333333333,82.41133333333333,236.00333333333333,14.355333333333334,206.01,181.27666666666667,163.01666666666668,254.01333333333332,134.0,186.82333333333332,36.28033333333333,262.0,64.33566666666667,287.45487364620936,102.27,33.75233333333333
mel,286.10333333333335,202.0,169.11666666666667,208.02,181.0,212.01,292.00333333333333,199.0,341.0,283.76,150.0,287.00666666666666,274.01,0.037996666666666665,223.00666666666666,216.08333333333334,289.00666666666666,182.0,200.95,118.97,285.01,300.00333333333333,321.04,178.90333333333334,156.8,163.0,204.74333333333334,309.01,11.225999999999999,345.16,118.00666666666666,216.04,294.0
mex,141.0,39.19233333333334,293.05,46.687333333333335,28.552,301.00666666666666,143.00333333333333,105.96666666666667,289.0233333333333,137.03333333333333,53.278999999999996,159.0,137.0,223.00666666666666,0.03816,69.169,149.0,272.01,64.039,151.12,135.00333333333333,177.0,173.01333333333332,68.55633333333333,176.04333333333332,48.3,232.14,165.96333333333334,197.0,184.85333333333332,158.97666666666666,61.29033333333333,156.01666666666668
mia,107.15333333333334,12.998666666666667,267.11333333333334,51.026,31.473666666666666,278.02666666666664,114.22073578595318,112.00666666666666,258.00333333333333,104.57333333333334,62.10033333333333,129.02,114.85333333333334,216.06688963210703,69.164,0.043526666666666665,120.15333333333334,253.0,32.914,182.98666666666668,107.0,99.08133333333333,111.00333333333333,92.36233333333334,193.06,71.75766666666667,248.09459459459458,130.00333333333333,205.0,156.4,161.0,60.57633333333333,130.0
mxp,23.751666666666665,112.0,144.03666666666666,116.0,127.03,148.0,9.8882,192.0,185.02,24.806,162.0,21.244,30.246666666666666,289.05,149.0,120.05333333333333,0.013303333333333334,123.0,92.94466666666666,217.96333333333334,17.126333333333335,225.0,221.20666666666668,150.00333333333333,265.04333333333335,146.0,168.49,31.821666666666665,277.0,46.941,258.86446886446885,110.0,26.525666666666666
bom,123.29,240.23,20.839666666666666,232.98,258.0,28.200666666666667,131.0,287.00333333333333,281.00666666666666,128.00333333333333,263.15017064846415,130.08666666666667,194.00333333333333,182.00333333333333,272.01666666666665,253.02333333333334,123.0,0.04138,243.00333333333333,136.16666666666666,166.0,301.5966666666667,267.0,238.36666666666667,120.01666666666667,236.0,85.91266666666667,181.00666666666666,285.2237288135593,231.12333333333333,133.16387959866222,257.01666666666665,188.0
ewr,80.693,22.057333333333332,266.03,18.551000000000002,37.96333333333333,275.0,81.37,106.0,227.0,74.71333333333334,58.125,91.29366666666667,82.341,200.93333333333334,63.98733333333333,32.844,92.94733333333333,243.0,0.03809,166.05,72.17333333333333,118.00333333333333,108.01,57.35466666666667,188.04,67.22133333333333,245.77,103.02,201.0,141.17,169.16,20.012333333333334,96.589
itm,244.25,168.01333333333332,132.6020066889632,159.01,142.00333333333333,159.44107744107745,236.18666666666667,154.00666666666666,245.04,239.09,105.06333333333333,225.36,236.13333333333333,118.87,151.0,182.60666666666665,218.02,136.24666666666667,166.09333333333333,0.0544,221.06666666666666,264.09,291.63666666666666,99.71833333333333,39.40033333333333,113.03333333333333,99.88,258.04,136.07333333333332,250.23,7.9974,185.06666666666666,255.01666666666668
cdg,9.645233333333334,96.54866666666666,269.6933333333333,97.19166666666666,112.02666666666667,197.00333333333333,9.885933333333334,175.08,165.99666666666667,7.288366666666667,129.56,22.907333333333334,14.315666666666667,285.02666666666664,135.0,106.78666666666666,17.129333333333335,166.00666666666666,72.15866666666666,221.05,0.04225,204.0,182.64,132.96,271.1666666666667,136.00333333333333,184.11333333333334,26.382666666666665,272.0,51.35766666666667,220.81333333333333,91.44366666666667,26.143
scl,198.0,111.00666666666666,320.06,129.58666666666667,126.12,326.66,198.00666666666666,189.03666666666666,350.0133333333333,187.0,137.01,217.05,206.0,300.03,176.99,99.076,225.0,301.4866666666667,118.00333333333333,264.1166666666667,204.0,0.031146666666666666,48.186,156.02666666666667,304.0366666666667,154.00333333333333,361.84705882352944,211.99333333333334,323.01666666666665,245.53666666666666,255.03333333333333,140.04666666666665,217.0
sao,185.42333333333335,117.14046822742475,314.74333333333334,129.0,145.99333333333334,292.06,192.01333333333332,216.00666666666666,336.6333333333333,182.00666666666666,166.00333333333333,205.07333333333332,181.12333333333333,321.0366666666667,173.05,111.02333333333333,221.17666666666668,267.0233333333333,108.00333333333333,291.3466666666667,182.74333333333334,48.195,0.05284,173.02,316.06333333333333,174.03,392.4560810810811,211.12333333333333,316.9033333333333,245.36666666666667,270.06666666666666,130.11333333333334,205.01
sea,137.0,76.55506756756756,209.62333333333333,42.370666666666665,64.884,258.00666666666666,146.00333333333333,66.03733333333334,317.0466666666667,133.0,25.863333333333333,153.64666666666668,163.01666666666668,178.99666666666667,68.54033333333334,92.37233333333333,150.00333333333333,238.21666666666667,57.342,99.718,132.98666666666668,156.01,172.94666666666666,0.05622,117.01333333333334,18.567,189.98666666666668,158.0,168.0,184.18,93.18,52.118,173.55666666666667
icn,264.82666666666665,189.04406779661016,105.96321070234114,159.07666666666665,171.08333333333334,150.10333333333332,282.03333333333336,186.22,258.1166666666667,266.97,139.01,270.0,254.00666666666666,156.81333333333333,176.07,193.02333333333334,265.01666666666665,120.01666666666667,187.98333333333332,39.385,271.2266666666667,304.02666666666664,316.0366666666667,117.04,0.058653333333333335,137.07666666666665,128.95333333333335,305.5966666666667,144.51,308.25,31.507666666666665,170.01666666666668,264.0466666666667
sjc,150.0,63.34414715719063,259.50666666666666,51.10666666666667,47.926,259.01666666666665,145.0,47.47566666666667,294.03333333333336,137.0,7.9103666666666665,144.08,134.00333333333333,163.0,48.306333333333335,71.78266666666667,146.0,236.00666666666666,67.20633333333333,113.00666666666666,136.01,154.00333333333333,174.07333333333332,18.578333333333333,137.07,0.027603333333333334,199.36333333333334,163.0,152.0,206.33,101.0,60.73133333333333,151.69333333333333
sgp,159.99,281.319587628866,40.5,213.07666666666665,190.44107744107745,68.704,157.0,222.10666666666665,175.05666666666667,159.01333333333332,165.20689655172413,157.32333333333332,168.36333333333334,188.53,214.20333333333335,229.24579124579125,150.78,65.01533333333333,228.15333333333334,82.05405405405405,167.52666666666667,345.28627450980395,381.20962199312714,171.3,113.14333333333333,179.54666666666665,0.048626666666666665,187.72,137.19,223.06,65.04466666666667,213.01,180.93333333333334
sto,25.092333333333332,119.03678929765886,323.00666666666666,121.01333333333334,137.02333333333334,208.0,17.869333333333334,197.0,185.02,29.41133333333333,157.0,55.19233333333334,36.208,309.00666666666666,165.73333333333332,129.39,31.828333333333333,181.00333333333333,103.00666666666666,258.09,26.297333333333334,211.99333333333334,211.02333333333334,158.06,306.03,163.0,207.9,0.04226333333333333,297.00333333333333,75.152,267.00666666666666,117.73666666666666,29.886333333333333
syd,275.2866666666667,191.05084745762713,269.7854671280277,197.0,167.01666666666668,317.8664383561644,282.84,192.0,330.00666666666666,272.0,138.02666666666667,275.17845117845116,262.0,11.198666666666666,197.00333333333333,205.0,277.0838926174497,283.80546075085323,201.00666666666666,136.03,272.0,323.0,315.92333333333335,168.0,148.0,152.0,155.57,297.0,0.03445666666666667,350.25333333333333,106.0,206.17333333333335,282.00333333333333
tlv,56.028666666666666,151.5201342281879,229.52,149.41333333333333,162.53666666666666,257.1766666666667,53.49366666666667,245.35,230.07666666666665,58.230333333333334,191.35333333333332,55.091,64.391,345.06,185.04,156.39,46.975,231.16,141.05333333333334,250.12,51.34866666666667,245.33666666666667,245.37666666666667,184.23,308.29333333333335,206.45,243.00666666666666,75.09633333333333,350.2133333333333,0.04104666666666667,282.6433333333333,155.76333333333332,79.58366666666667
nrt,225.00666666666666,147.03678929765886,111.03666666666666,139.01666666666668,131.01333333333332,142.02666666666667,252.48666666666668,153.00333333333333,241.08333333333334,218.89,98.816,261.1870503597122,287.3639846743295,117.90333333333334,158.95666666666668,161.00333333333333,260.51263537906135,133.05333333333334,168.99666666666667,7.9655,223.09333333333333,255.00333333333333,270.00666666666666,93.15333333333334,31.502666666666666,101.0,88.20933333333333,267.0,106.0,282.4266666666667,0.04525,143.15,286.6937269372694
yto,95.67333333333333,43.25866666666667,271.13666666666666,10.839,30.274333333333335,275.03333333333336,102.00333333333333,101.01,242.98,91.943,64.85733333333333,106.02666666666667,102.09,216.01666666666668,61.26233333333333,61.687000000000005,110.03333333333333,257.05,19.998,185.01333333333332,91.37866666666666,140.01,130.11333333333334,52.096000000000004,170.02,60.701,233.10666666666665,117.73666666666666,206.13666666666666,155.8,143.21333333333334,0.05001,105.01
waw,20.609666666666666,118.01010101010101,191.04347826086956,119.01333333333334,140.06,217.0,17.964,197.01,187.07,28.729666666666667,166.00333333333333,49.88433333333333,33.726333333333336,294.0,156.03666666666666,130.0,26.513666666666666,188.0,96.55666666666666,255.01666666666668,26.11,217.0,202.41,173.26666666666668,264.08666666666664,151.42666666666668,204.61333333333334,29.920333333333332,282.0,79.58566666666667,286.61454545454546,105.01,0.03141666666666667
